Workbook

Sheet 前提条件
A1: レコーダ統合監視システム ５か年販売計画 前提条件
A3: ■ 製品概要
A4: 製品名 | B4: レコーダ統合監視システム（インタレコ）
A5: 対象市場 | B5: 家電量販店・倉庫業・衣料品・警備会社・ビル管理
A6: 事業開始時期 | B6: 2026年7月（パイロット Phase A）
A8: ■ 料金体系
A9: 1店舗あたり月額（円/月・税抜） | B9: 3200 | C9: ← Key Assumption（変更するとすべての計算に反映）
A10: 1店舗あたり年額換算（円/年・税抜） | B10: =B9*12 -> 38400
A11: 5年後 目標店舗数 | B11: 10000
A13: ■ 年度末店舗数目標（フェーズ別）
A14: 年度 | B14: 期末店舗数（店） | C14: 前年比 増加数 | D14: 成長率 | E14: 展開フェーズ | F14: 備考
A15: 2026年度 | B15: 3 | C15: — | D15: — | E15: Phase A パイロット（3店舗） | F15: 2026年7月開発スタート〜12月末時点
A16: 2027年度 | B16: 100 | C16: =B16-B15 -> 97 | D16: =(B16-B15)/B15 -> 32.333333 | E16: Phase B 本格導入（100店舗） | F16: 100店舗展開
A17: 2028年度 | B17: 1000 | C17: =B17-B16 -> 900 | D17: =(B17-B16)/B16 -> 9 | E17: Phase C スケールアップ | F17: 1,000店舗
A18: 2029年度 | B18: 3000 | C18: =B18-B17 -> 2000 | D18: =(B18-B17)/B17 -> 2 | E18: Phase D 拡大展開（前半） | F18: 3,000店舗
A19: 2030年度 | B19: 10000 | C19: =B19-B18 -> 7000 | D19: =(B19-B18)/B18 -> 2.3333333 | E19: Phase D 全国展開（完了） | F19: 10,000店舗 目標達成
A21: ■ 色凡例（カラーコーディング）
A22: 青字・黄背景 | B22: 入力値（Hardcoded Input） — ここを変更するとモデルが更新されます
A23: 黒字・白背景 | B23: 計算式（Formula） — 変更不要
A24: 黒字・灰背景 | B24: ラベル・見出し

Sheet ５か年販売計画
A1: レコーダ統合監視システム ５か年販売計画（年次サマリー）
A2: ※ 1店舗あたり月額 ¥3,200（前提条件シート B9 参照） 単位：千円（注記のあるものを除く）
A3: 項 目 | C3: 2026年度 （下半期） | D3: 2027年度 | E3: 2028年度 | F3: 2029年度 | G3: 2030年度 | H3: 5か年 合計 | I3: 備考
A4: ■ 店舗数
A5: 期初店舗数（店） | C5: =0 -> 0 | D5: =C6 -> 3 | E5: =D6 -> 100 | F5: =E6 -> 1000 | G5: =F6 -> 3000 | H5: —
A6: 期末店舗数（店） ※目標 | C6: =前提条件!B15 -> 3 | D6: =前提条件!B16 -> 100 | E6: =前提条件!B17 -> 1000 | F6: =前提条件!B18 -> 3000 | G6: =前提条件!B19 -> 10000 | H6: —
A7: 当期純増店舗数（店） | C7: =C6-C5 -> 3 | D7: =D6-D5 -> 97 | E7: =E6-E5 -> 900 | F7: =F6-F5 -> 2000 | G7: =G6-G5 -> 7000 | H7: =SUM(C7:G7) -> 10000
A8: 期中平均稼働店舗数（店） | C8: =(C5+C6)/2 -> 1.5 | D8: =(D5+D6)/2 -> 51.5 | E8: =(E5+E6)/2 -> 550 | F8: =(F5+F6)/2 -> 2000 | G8: =(G5+G6)/2 -> 6500 | H8: —
A10: ■ 売上高（千円）
A11: 月次売上（期末月・千円） | C11: =C6*前提条件!$B$9/1000 -> 9.6 | D11: =D6*前提条件!$B$9/1000 -> 320 | E11: =E6*前提条件!$B$9/1000 -> 3200 | F11: =F6*前提条件!$B$9/1000 -> 9600 | G11: =G6*前提条件!$B$9/1000 -> 32000 | H11: — | I11: 期末店舗数 × ¥3,200
A12: 年間売上高（千円） | C12: =C8*前提条件!$B$9*6/1000 -> 28.8 | D12: =D8*前提条件!$B$9*12/1000 -> 1977.6 | E12: =E8*前提条件!$B$9*12/1000 -> 21120 | F12: =F8*前提条件!$B$9*12/1000 -> 76800 | G12: =G8*前提条件!$B$9*12/1000 -> 249600 | H12: =SUM(C12:G12) -> 349526.4 | I12: 2026年度は下半期6か月
A13: 年間売上高（百万円） | C13: =C12/1000 -> 0.0288 | D13: =D12/1000 -> 1.9776 | E13: =E12/1000 -> 21.12 | F13: =F12/1000 -> 76.8 | G13: =G12/1000 -> 249.6 | H13: =H12/1000 -> 349.5264 | I13: 千円÷1,000
A14: 前年末比 月次売上成長率 | C14: — | D14: =(D11-C11)/C11 -> 32.333333 | E14: =(E11-D11)/D11 -> 9 | F14: =(F11-E11)/E11 -> 2 | G14: =(G11-F11)/F11 -> 2.3333333 | H14: — | I14: 月次売上の前年比
A15: 累計売上高（千円） | C15: =C12 -> 28.8 | D15: =C15+D12 -> 2006.4 | E15: =D15+E12 -> 23126.4 | F15: =E15+F12 -> 99926.4 | G15: =F15+G12 -> 349526.4 | H15: =G15 -> 349526.4 | I15: 各年度の年間売上の累計
A17: ■ 売上KPI サマリー（参考）
A18: 5年後 月次ARR（千円） | C18: =G11 -> 32000
A19: 5年後 年間ARR（百万円） | C19: =G13 -> 249.6
A20: 5年間 累計売上合計（千円） | C20: =H15 -> 349526.4
A21: 5年間 累計売上合計（百万円） | C21: =H15/1000 -> 349.5264
A22: 1店舗あたり月額（円） | C22: =前提条件!B9 -> 3200
A23: 2030年度末 想定月次売上（千円） | C23: =G11 -> 32000

Sheet 四半期詳細
A1: レコーダ統合監視システム ５か年販売計画（四半期詳細）
A2: ※ 期末店舗数は計画値（前提条件シートの年度末目標から各四半期の進捗を推計）
A3: 期間 | B3: 期末店舗数 （店） | C3: 期中平均店舗数 （店） | D3: 四半期売上 （千円） | E3: 年間累計売上 （千円） | F3: 5か年累計売上 （千円）
A4: 2026 Q3 (7-9月) | B4: 3 | C4: =(B4+0)/2 -> 1.5 | D4: =C4*前提条件!$B$9*3/1000 -> 14.4 | E4: =D4 -> 14.4 | F4: =D4 -> 14.4
A5: 2026 Q4 (10-12月) | B5: 3 | C5: =(B5+B4)/2 -> 3 | D5: =C5*前提条件!$B$9*3/1000 -> 28.8 | E5: =E4+D5 -> 43.2 | F5: =F4+D5 -> 43.2
A6: 2027 Q1 (1-3月) | B6: 10 | C6: =(B6+B5)/2 -> 6.5 | D6: =C6*前提条件!$B$9*3/1000 -> 62.4 | E6: =D6 -> 62.4 | F6: =F5+D6 -> 105.6
A7: 2027 Q2 (4-6月) | B7: 30 | C7: =(B7+B6)/2 -> 20 | D7: =C7*前提条件!$B$9*3/1000 -> 192 | E7: =E6+D7 -> 254.4 | F7: =F6+D7 -> 297.6
A8: 2027 Q3 (7-9月) | B8: 60 | C8: =(B8+B7)/2 -> 45 | D8: =C8*前提条件!$B$9*3/1000 -> 432 | E8: =E7+D8 -> 686.4 | F8: =F7+D8 -> 729.6
A9: 2027 Q4 (10-12月) | B9: 100 | C9: =(B9+B8)/2 -> 80 | D9: =C9*前提条件!$B$9*3/1000 -> 768 | E9: =E8+D9 -> 1454.4 | F9: =F8+D9 -> 1497.6
A10: 2028 Q1 (1-3月) | B10: 200 | C10: =(B10+B9)/2 -> 150 | D10: =C10*前提条件!$B$9*3/1000 -> 1440 | E10: =D10 -> 1440 | F10: =F9+D10 -> 2937.6
A11: 2028 Q2 (4-6月) | B11: 400 | C11: =(B11+B10)/2 -> 300 | D11: =C11*前提条件!$B$9*3/1000 -> 2880 | E11: =E10+D11 -> 4320 | F11: =F10+D11 -> 5817.6
A12: 2028 Q3 (7-9月) | B12: 700 | C12: =(B12+B11)/2 -> 550 | D12: =C12*前提条件!$B$9*3/1000 -> 5280 | E12: =E11+D12 -> 9600 | F12: =F11+D12 -> 11097.6
A13: 2028 Q4 (10-12月) | B13: 1000 | C13: =(B13+B12)/2 -> 850 | D13: =C13*前提条件!$B$9*3/1000 -> 8160 | E13: =E12+D13 -> 17760 | F13: =F12+D13 -> 19257.6
A14: 2029 Q1 (1-3月) | B14: 1500 | C14: =(B14+B13)/2 -> 1250 | D14: =C14*前提条件!$B$9*3/1000 -> 12000 | E14: =D14 -> 12000 | F14: =F13+D14 -> 31257.6
A15: 2029 Q2 (4-6月) | B15: 2000 | C15: =(B15+B14)/2 -> 1750 | D15: =C15*前提条件!$B$9*3/1000 -> 16800 | E15: =E14+D15 -> 28800 | F15: =F14+D15 -> 48057.6
A16: 2029 Q3 (7-9月) | B16: 2500 | C16: =(B16+B15)/2 -> 2250 | D16: =C16*前提条件!$B$9*3/1000 -> 21600 | E16: =E15+D16 -> 50400 | F16: =F15+D16 -> 69657.6
A17: 2029 Q4 (10-12月) | B17: 3000 | C17: =(B17+B16)/2 -> 2750 | D17: =C17*前提条件!$B$9*3/1000 -> 26400 | E17: =E16+D17 -> 76800 | F17: =F16+D17 -> 96057.6
A18: 2030 Q1 (1-3月) | B18: 5000 | C18: =(B18+B17)/2 -> 4000 | D18: =C18*前提条件!$B$9*3/1000 -> 38400 | E18: =D18 -> 38400 | F18: =F17+D18 -> 134457.6
A19: 2030 Q2 (4-6月) | B19: 7000 | C19: =(B19+B18)/2 -> 6000 | D19: =C19*前提条件!$B$9*3/1000 -> 57600 | E19: =E18+D19 -> 96000 | F19: =F18+D19 -> 192057.6
A20: 2030 Q3 (7-9月) | B20: 8500 | C20: =(B20+B19)/2 -> 7750 | D20: =C20*前提条件!$B$9*3/1000 -> 74400 | E20: =E19+D20 -> 170400 | F20: =F19+D20 -> 266457.6
A21: 2030 Q4 (10-12月) | B21: 10000 | C21: =(B21+B20)/2 -> 9250 | D21: =C21*前提条件!$B$9*3/1000 -> 88800 | E21: =E20+D21 -> 259200 | F21: =F20+D21 -> 355257.6
A22: 5か年 合 計 | D22: =SUM(D4:D21) -> 355257.6 | F22: =F21 -> 355257.6

Sheet グラフ
A1: レコーダ統合監視システム ５か年販売計画 グラフ
A3: 年度 | B3: 期末店舗数（店） | C3: 年間売上（百万円） | D3: 累計売上（百万円） | F3: 四半期 | G3: 期末店舗数（店）
A4: 2026年度 | B4: =前提条件!B15 -> 3 | C4: ='５か年販売計画'!C13 -> 0.0288 | D4: ='５か年販売計画'!C15/1000 -> 0.0288 | F4: 26Q3 | G4: =四半期詳細!B4 -> 3
A5: 2027年度 | B5: =前提条件!B16 -> 100 | C5: ='５か年販売計画'!D13 -> 1.9776 | D5: ='５か年販売計画'!D15/1000 -> 2.0064 | F5: 26Q4 | G5: =四半期詳細!B5 -> 3
A6: 2028年度 | B6: =前提条件!B17 -> 1000 | C6: ='５か年販売計画'!E13 -> 21.12 | D6: ='５か年販売計画'!E15/1000 -> 23.1264 | F6: 27Q1 | G6: =四半期詳細!B6 -> 10
A7: 2029年度 | B7: =前提条件!B18 -> 3000 | C7: ='５か年販売計画'!F13 -> 76.8 | D7: ='５か年販売計画'!F15/1000 -> 99.9264 | F7: 27Q2 | G7: =四半期詳細!B7 -> 30
A8: 2030年度 | B8: =前提条件!B19 -> 10000 | C8: ='５か年販売計画'!G13 -> 249.6 | D8: ='５か年販売計画'!G15/1000 -> 349.5264 | F8: 27Q3 | G8: =四半期詳細!B8 -> 60
F9: 27Q4 | G9: =四半期詳細!B9 -> 100
F10: 28Q1 | G10: =四半期詳細!B10 -> 200
F11: 28Q2 | G11: =四半期詳細!B11 -> 400
F12: 28Q3 | G12: =四半期詳細!B12 -> 700
F13: 28Q4 | G13: =四半期詳細!B13 -> 1000
F14: 29Q1 | G14: =四半期詳細!B14 -> 1500
F15: 29Q2 | G15: =四半期詳細!B15 -> 2000
F16: 29Q3 | G16: =四半期詳細!B16 -> 2500
F17: 29Q4 | G17: =四半期詳細!B17 -> 3000
F18: 30Q1 | G18: =四半期詳細!B18 -> 5000
F19: 30Q2 | G19: =四半期詳細!B19 -> 7000
F20: 30Q3 | G20: =四半期詳細!B20 -> 8500
F21: 30Q4 | G21: =四半期詳細!B21 -> 10000
